week,tractBottom20Rate,geoid,overallCountyRate,county_name,state_name,st_usps,num_tracts,t_totpopacs18,t_whitealoneorcombo,t_pct_whitealoneorcombo,t_blackaloneorcombo,t_pct_blackaloneorcombo,t_amerindaloneorcombo,t_pct_amerindaloneorcombo,t_asianaloneorcombo,t_pct_asianaloneorcombo,t_hispanic,t_pct_hispanic,t_totpopbornoutus,t_pct_totpopbornoutus,t_poverty_total,t_poverty_less100,t_pct_poverty_less100,c_totpopacs18,c_whitealoneorcombo,c_pct_whitealoneorcombo,c_blackaloneorcombo,c_pct_blackaloneorcombo,c_amerindaloneorcombo,c_pct_amerindaloneorcombo,c_asianaloneorcombo,c_pct_asianaloneorcombo,c_hispanic,c_pct_hispanic,c_totpopbornoutus,c_pct_totpopbornoutus,c_poverty_total,c_poverty_less100,c_pct_poverty_less100
Week 1,8.1,6037,13.2,Los Angeles,California,CA,593,2250128,1146279,51,239946,11,35037,2,199196,9,1462976,65,860250,38,2210659,540204,24,10098052,5498185,54.4,935091,9.3,165513,1.6,1636985,16.2,4893603,48.5,3456956,34.2,9947799,1589956,16
Week 1,8.1,48201,10,Harris,Texas,TX,427,1723168,1082353,63,358229,21,16197,1,105672,6,941300,55,539487,31,1706666,372862,22,4602523,2978447,64.7,916494,19.9,41821,0.9,357617,7.8,1958963,42.6,1199771,26.1,4556828,739100,16.2
Week 1,8.1,36047,8.8,Kings,New York,NY,392,1276996,401433,31,635713,50,9981,1,122391,10,287598,23,470007,37,1265489,283790,22,2600747,1189313,45.7,881388,33.9,20355,0.8,340756,13.1,499279,19.2,949026,36.5,2576152,544622,21.1
Week 1,8.1,17031,13.9,Cook,Illinois,IL,362,1212688,567686,47,425350,35,8956,1,52765,4,383909,32,228743,19,1193890,260103,22,5223719,3066917,58.7,1281067,24.5,40293,0.8,427441,8.2,1314232,25.2,1099659,21.1,5138012,778020,15.1
Week 1,8.1,36081,10.1,Queens,New York,NY,325,1004568,277713,28,329975,33,11231,1,220516,22,315225,31,489000,49,992201,141615,14,2298513,947402,41.2,451926,19.7,22354,1,614581,26.7,643563,28,1087233,47.3,2272240,295165,13
Week 1,8.1,4013,16.3,Maricopa,Arizona,AZ,180,695801,578059,83,40165,6,20510,3,39015,6,177547,26,95807,14,678473,90640,13,4253913,3434157,80.7,289587,6.8,122387,2.9,224419,5.3,1311091,30.8,632945,14.9,4198378,618496,14.7
Week 1,8.1,12086,12.3,Miami-Dade,Florida,FL,157,609703,383268,63,190953,31,2328,0,10353,2,349455,57,310435,51,599043,142886,24,2715516,2077025,76.5,503770,18.6,9859,0.4,53020,2,1845646,68,1446122,53.3,2676124,482656,18
Week 1,8.1,36005,9.2,Bronx,New York,NY,155,634022,111127,18,275545,43,9315,1,21686,3,347698,55,236960,37,625199,195075,31,1437872,337743,23.5,523752,36.4,19653,1.4,62261,4.3,803636,55.9,509024,35.4,1402787,407528,29.1
Week 1,8.1,48215,5.8,Hidalgo,Texas,TX,152,652951,585766,90,4154,1,2033,0,5404,1,610651,94,184175,28,643938,212479,33,849389,757190,89.1,5788,0.7,2854,0.3,9375,1.1,781681,92,230582,27.1,839124,261968,31.2
Week 1,8.1,53033,15.1,King,Washington,WA,147,680970,534324,78,28081,4,10394,2,125333,18,48698,7,130824,19,675474,38827,6,2163257,1523650,70.4,177879,8.2,44850,2.1,440018,20.3,206735,9.6,486821,22.5,2133784,203702,9.5
Week 1,8.1,48113,12.4,Dallas,Texas,TX,145,560777,315390,56,178271,32,5234,1,30082,5,260139,46,161986,29,547308,140309,26,2586552,1650110,63.8,612756,23.7,29772,1.2,177225,6.9,1033000,39.9,628703,24.3,2556383,423899,16.6
Week 1,8.1,6073,15.5,San Diego,California,CA,136,625810,497663,80,30645,5,10875,2,71511,11,198158,32,132521,21,590673,69152,12,3302833,2481612,75.1,210734,6.4,51303,1.6,475810,14.4,1106925,33.5,774365,23.4,3221497,403190,12.5
Week 1,8.1,36103,12.3,Suffolk,New York,NY,133,458924,400524,87,27198,6,3226,1,20390,4,69128,15,62506,14,445491,25809,6,1487901,1228921,82.6,131974,8.9,14844,1,67638,4.5,281315,18.9,230963,15.5,1459856,103887,7.1
Week 1,8.1,34013,9.9,Essex,New Jersey,NJ,131,471309,173612,37,224936,48,2681,1,19374,4,116913,25,131758,28,461155,94847,21,793555,349606,44.1,327124,41.2,5027,0.6,47036,5.9,180241,22.7,209992,26.5,774125,127250,16.4
Week 1,8.1,12031,7.8,Duval,Florida,FL,129,565263,404269,72,127324,23,5524,1,35672,6,56251,10,65380,12,551598,65072,12,924229,583990,63.2,289351,31.3,8715,0.9,54642,5.9,86184,9.3,99917,10.8,903209,139758,15.5
Week 1,8.1,48453,10.7,Travis,Texas,TX,126,525809,398146,76,48766,9,7517,1,38685,7,188709,36,94467,18,520434,67794,13,1203166,920725,76.5,114759,9.5,17982,1.5,94684,7.9,407676,33.9,212879,17.7,1179259,154741,13.1
Week 1,8.1,6071,12.1,San Bernardino,California,CA,124,481799,327924,68,43142,9,9242,2,31715,7,240122,50,93915,19,466600,91848,20,2135413,1386028,64.9,214078,10,44207,2.1,180676,8.5,1127813,52.8,448196,21,2075424,359080,17.3
Week 1,8.1,13121,10.7,Fulton,Georgia,GA,122,384343,175596,46,171313,45,3573,1,36875,10,26438,7,53616,14,369191,58027,16,1021902,476623,46.6,463415,45.3,9262,0.9,79146,7.7,74328,7.3,130079,12.7,989542,149412,15.1
Week 1,8.1,42101,11.6,Philadelphia,Pennsylvania,PA,114,434996,77276,18,317023,73,5896,1,17150,4,64745,15,35604,8,418773,159808,38,1575522,682936,43.3,695886,44.2,17320,1.1,125462,8,227711,14.5,218489,13.9,1532157,380873,24.9
Week 1,8.1,36059,12.3,Nassau,New York,NY,113,539972,406284,75,54038,10,4102,1,49788,9,78442,15,105609,20,536986,26704,5,1356564,962498,71,177950,13.1,13075,1,139373,10.3,225581,16.6,301379,22.2,1337372,76461,5.7
Week 1,8.1,26163,13.8,Wayne,Michigan,MI,106,231860,98611,43,117757,51,2358,1,9093,4,27196,12,22304,10,226858,68925,30,1761382,972724,55.2,706320,40.1,18420,1,69222,3.9,103202,5.9,157293,8.9,1740233,401149,23.1
Week 1,8.1,6065,13.6,Riverside,California,CA,101,446138,249566,56,28309,6,6341,1,24924,6,267849,60,115320,26,442658,81156,18,2383286,1537219,64.5,183587,7.7,43626,1.8,190468,8,1154517,48.4,516238,21.7,2347408,345724,14.7
Week 1,8.1,48061,5.2,Cameron,Texas,TX,92,339913,324543,95,2026,1,1411,0,2812,1,303818,89,82070,24,336719,101770,30,421750,401467,95.2,2846,0.7,1782,0.4,3476,0.8,377439,89.5,99251,23.5,417698,127760,30.6
Week 1,8.1,48029,11.7,Bexar,Texas,TX,86,409795,336168,82,36039,9,6878,2,18156,4,214735,52,53558,13,395753,62015,16,1925865,1588572,82.5,169688,8.8,27702,1.4,71985,3.7,1155505,60,256010,13.3,1892392,307665,16.3
Week 1,8.1,25017,15.8,Middlesex,Massachusetts,MA,80,384150,333747,87,12604,3,1640,0,37580,10,16688,4,53680,14,379146,17126,5,1595192,1274063,79.9,102883,6.4,8865,0.6,207109,13,125533,7.9,335572,21,1539582,122070,7.9
Week 2,22.6,6037,26.1,Los Angeles,California,CA,904,3387828,1723520,51,320803,9,56497,2,308856,9,2292928,68,1343611,40,3323544,810235,24,10098052,5498185,54.4,935091,9.3,165513,1.6,1636985,16.2,4893603,48.5,3456956,34.2,9947799,1589956,16
Week 2,22.6,36047,19.6,Kings,New York,NY,603,1986485,846864,43,710519,36,15315,1,268423,14,398430,20,750498,38,1971273,426768,22,2600747,1189313,45.7,881388,33.9,20355,0.8,340756,13.1,499279,19.2,949026,36.5,2576152,544622,21.1
Week 2,22.6,36081,20.1,Queens,New York,NY,519,1670362,595343,36,399316,24,17019,1,423236,25,516460,31,818943,49,1650560,229535,14,2298513,947402,41.2,451926,19.7,22354,1,614581,26.7,643563,28,1087233,47.3,2272240,295165,13
Week 2,22.6,48201,25.5,Harris,Texas,TX,390,1417923,942536,66,222268,16,13963,1,83874,6,880241,62,495351,35,1397311,349393,25,4602523,2978447,64.7,916494,19.9,41821,0.9,357617,7.8,1958963,42.6,1199771,26.1,4556828,739100,16.2
Week 2,22.6,17031,28.4,Cook,Illinois,IL,371,1268428,556557,44,384695,30,11872,1,58569,5,631768,50,333228,26,1243339,301829,24,5223719,3066917,58.7,1281067,24.5,40293,0.8,427441,8.2,1314232,25.2,1099659,21.1,5138012,778020,15.1
Week 2,22.6,36005,21.7,Bronx,New York,NY,232,952931,197270,21,349017,37,13107,1,41585,4,550884,58,368635,39,939845,276260,29,1437872,337743,23.5,523752,36.4,19653,1.4,62261,4.3,803636,55.9,509024,35.4,1402787,407528,29.1
Week 2,22.6,12086,24.7,Miami-Dade,Florida,FL,223,811316,615572,76,143827,18,4102,1,14334,2,539676,67,455239,56,795300,175077,22,2715516,2077025,76.5,503770,18.6,9859,0.4,53020,2,1845646,68,1446122,53.3,2676124,482656,18
Week 2,22.6,48113,26.9,Dallas,Texas,TX,202,778079,499092,64,163499,21,7917,1,42853,6,422156,54,256156,33,766315,168918,22,2586552,1650110,63.8,612756,23.7,29772,1.2,177225,6.9,1033000,39.9,628703,24.3,2556383,423899,16.6
Week 2,22.6,4013,31.9,Maricopa,Arizona,AZ,200,837876,581919,69,74954,9,42270,5,30968,4,488553,58,209046,25,817495,247031,30,4253913,3434157,80.7,289587,6.8,122387,2.9,224419,5.3,1311091,30.8,632945,14.9,4198378,618496,14.7
Week 2,22.6,48215,16.1,Hidalgo,Texas,TX,188,781242,697853,89,4932,1,2669,0,7166,1,724737,93,215611,28,771419,250052,32,849389,757190,89.1,5788,0.7,2854,0.3,9375,1.1,781681,92,230582,27.1,839124,261968,31.2
Week 2,22.6,42101,23.4,Philadelphia,Pennsylvania,PA,186,710916,180875,25,444386,63,9807,1,44371,6,119631,17,81644,11,681404,236001,35,1575522,682936,43.3,695886,44.2,17320,1.1,125462,8,227711,14.5,218489,13.9,1532157,380873,24.9
Week 2,22.6,36061,23.5,New York,New York,NY,146,691859,386061,56,134139,19,9600,1,100637,15,181164,26,205669,30,673409,121002,18,1632480,973217,59.6,278902,17.1,25878,1.6,220205,13.5,423683,26,473160,29,1585578,263413,16.6
Week 2,22.6,34017,21.8,Hudson,New Jersey,NJ,126,467500,246935,53,73248,16,4108,1,80657,17,227407,49,223272,48,464009,86006,19,668631,385842,57.7,93321,14,5655,0.8,108413,16.2,288749,43.2,285998,42.8,660845,107718,16.3
Week 2,22.6,34013,24.1,Essex,New Jersey,NJ,124,428495,101519,24,250991,59,2831,1,11357,3,131035,31,137126,32,419364,104012,25,793555,349606,44.1,327124,41.2,5027,0.6,47036,5.9,180241,22.7,209992,26.5,774125,127250,16.4
Week 2,22.6,26163,32.4,Wayne,Michigan,MI,124,254945,72036,28,161593,63,2988,1,7953,3,44088,17,27742,11,247974,100089,40,1761382,972724,55.2,706320,40.1,18420,1,69222,3.9,103202,5.9,157293,8.9,1740233,401149,23.1
Week 2,22.6,6065,28,Riverside,California,CA,123,492097,261674,53,30924,6,7623,2,20092,4,329801,67,136931,28,480805,112985,23,2383286,1537219,64.5,183587,7.7,43626,1.8,190468,8,1154517,48.4,516238,21.7,2347408,345724,14.7
Week 2,22.6,6071,25.9,San Bernardino,California,CA,118,443434,298156,67,39981,9,8743,2,20164,5,249257,56,95929,22,430826,104310,24,2135413,1386028,64.9,214078,10,44207,2.1,180676,8.5,1127813,52.8,448196,21,2075424,359080,17.3
Week 2,22.6,48061,16,Cameron,Texas,TX,108,383718,365851,95,2278,1,1494,0,2798,1,345428,90,91357,24,380655,119152,31,421750,401467,95.2,2846,0.7,1782,0.4,3476,0.8,377439,89.5,99251,23.5,417698,127760,30.6
Week 2,22.6,48453,25.9,Travis,Texas,TX,102,424650,288240,68,51830,12,7161,2,24163,6,218992,52,100957,24,407809,88819,22,1203166,920725,76.5,114759,9.5,17982,1.5,94684,7.9,407676,33.9,212879,17.7,1179259,154741,13.1
Week 2,22.6,13121,27.4,Fulton,Georgia,GA,97,267339,100910,38,147853,55,2955,1,17533,7,25940,10,34782,13,246671,55522,23,1021902,476623,46.6,463415,45.3,9262,0.9,79146,7.7,74328,7.3,130079,12.7,989542,149412,15.1
Week 2,22.6,12011,27.7,Broward,Florida,FL,94,346591,218827,63,111980,32,3731,1,9788,3,94822,27,127009,37,341740,63827,19,1909151,1216917,63.7,578421,30.3,17387,0.9,85722,4.5,554609,29.1,642641,33.7,1892224,255214,13.5
Week 2,22.6,39035,31.9,Cuyahoga,Ohio,OH,93,193842,57892,30,129030,67,2901,1,5457,3,17114,9,9391,5,185714,72130,39,1253783,817260,65.2,394673,31.5,12128,1,46761,3.7,72492,5.8,90629,7.2,1227475,221899,18.1
Week 2,22.6,48029,26.7,Bexar,Texas,TX,89,401724,325569,81,32765,8,5376,1,16725,4,270398,67,67730,17,388217,92373,24,1925865,1588572,82.5,169688,8.8,27702,1.4,71985,3.7,1155505,60,256010,13.3,1892392,307665,16.3
Week 2,22.6,32003,30.5,Clark,Nevada,NV,88,326094,179991,55,58989,18,7042,2,26112,8,153425,47,96885,30,309484,83605,27,2141574,1387798,64.8,287096,13.4,34743,1.6,255927,12,662081,30.9,475317,22.2,2114421,299169,14.1
Week 2,22.6,24510,24.5,Baltimore,Maryland,MD,83,233722,48200,21,176105,75,2913,1,7402,3,13500,6,20516,9,224063,65617,29,614700,198365,32.3,394321,64.1,6570,1.1,19539,3.2,31503,5.1,49818,8.1,591942,128829,21.8
Week 3,33.1,6037,38.7,Los Angeles,California,CA,718,2625473,1314399,50,266387,10,42036,2,245453,9,1731509,66,1039257,40,2568285,660935,26,10098052,5498185,54.4,935091,9.3,165513,1.6,1636985,16.2,4893603,48.5,3456956,34.2,9947799,1589956,16
Week 3,33.1,36047,30.6,Kings,New York,NY,559,1819950,773152,42,643584,35,13360,1,249803,14,366754,20,716841,39,1806560,406643,23,2600747,1189313,45.7,881388,33.9,20355,0.8,340756,13.1,499279,19.2,949026,36.5,2576152,544622,21.1
Week 3,33.1,36081,31.2,Queens,New York,NY,469,1512666,531316,35,370773,25,16000,1,372010,25,479863,32,741681,49,1491853,215165,14,2298513,947402,41.2,451926,19.7,22354,1,614581,26.7,643563,28,1087233,47.3,2272240,295165,13
Week 3,33.1,48201,37.7,Harris,Texas,TX,383,1410976,917755,65,243015,17,14055,1,81511,6,867823,62,492117,35,1389887,354650,26,4602523,2978447,64.7,916494,19.9,41821,0.9,357617,7.8,1958963,42.6,1199771,26.1,4556828,739100,16.2
Week 3,33.1,17031,42.6,Cook,Illinois,IL,334,1081974,406449,38,399540,37,10198,1,36793,3,535186,49,262398,24,1059690,283925,27,5223719,3066917,58.7,1281067,24.5,40293,0.8,427441,8.2,1314232,25.2,1099659,21.1,5138012,778020,15.1
Week 3,33.1,36005,32.7,Bronx,New York,NY,214,867616,184645,21,328123,38,12285,1,35170,4,486463,56,325926,38,854790,252062,29,1437872,337743,23.5,523752,36.4,19653,1.4,62261,4.3,803636,55.9,509024,35.4,1402787,407528,29.1
Week 3,33.1,4013,43.6,Maricopa,Arizona,AZ,184,758611,531868,70,68871,9,40697,5,24813,3,439349,58,187692,25,738477,232359,31,4253913,3434157,80.7,289587,6.8,122387,2.9,224419,5.3,1311091,30.8,632945,14.9,4198378,618496,14.7
Week 3,33.1,12086,37.5,Miami-Dade,Florida,FL,182,627204,448365,71,134973,22,3345,1,12436,2,374632,60,330144,53,608204,136836,22,2715516,2077025,76.5,503770,18.6,9859,0.4,53020,2,1845646,68,1446122,53.3,2676124,482656,18
Week 3,33.1,48215,25.2,Hidalgo,Texas,TX,176,735212,657707,89,4304,1,2509,0,5690,1,685083,93,205798,28,725732,240627,33,849389,757190,89.1,5788,0.7,2854,0.3,9375,1.1,781681,92,230582,27.1,839124,261968,31.2
Week 3,33.1,42101,34.7,Philadelphia,Pennsylvania,PA,171,665031,167418,25,414737,62,9272,1,40413,6,119040,18,74938,11,636062,230900,36,1575522,682936,43.3,695886,44.2,17320,1.1,125462,8,227711,14.5,218489,13.9,1532157,380873,24.9
Week 3,33.1,48113,39.6,Dallas,Texas,TX,167,617043,380763,62,141318,23,6423,1,33874,5,316839,51,198994,32,606356,140096,23,2586552,1650110,63.8,612756,23.7,29772,1.2,177225,6.9,1033000,39.9,628703,24.3,2556383,423899,16.6
Week 3,33.1,26163,46.6,Wayne,Michigan,MI,136,278336,70960,25,186142,67,3150,1,8094,3,43370,16,26704,10,270698,109832,41,1761382,972724,55.2,706320,40.1,18420,1,69222,3.9,103202,5.9,157293,8.9,1740233,401149,23.1
Week 3,33.1,36061,34.8,New York,New York,NY,118,506966,303882,60,80224,16,5392,1,92657,18,91728,18,141297,28,488657,80432,16,1632480,973217,59.6,278902,17.1,25878,1.6,220205,13.5,423683,26,473160,29,1585578,263413,16.6
Week 3,33.1,34013,37.6,Essex,New Jersey,NJ,112,380633,85876,23,228101,60,2669,1,8422,2,113933,30,123364,32,371989,95737,26,793555,349606,44.1,327124,41.2,5027,0.6,47036,5.9,180241,22.7,209992,26.5,774125,127250,16.4
Week 3,33.1,39035,45,Cuyahoga,Ohio,OH,107,226296,69287,31,149530,66,3411,2,6056,3,21101,9,10601,5,217053,85852,40,1253783,817260,65.2,394673,31.5,12128,1,46761,3.7,72492,5.8,90629,7.2,1227475,221899,18.1
Week 3,33.1,6065,40.6,Riverside,California,CA,105,391554,222895,57,22297,6,5669,1,14854,4,249775,64,107856,28,381486,91391,24,2383286,1537219,64.5,183587,7.7,43626,1.8,190468,8,1154517,48.4,516238,21.7,2347408,345724,14.7
Week 3,33.1,48061,25,Cameron,Texas,TX,101,350639,334801,95,1788,1,1384,0,1981,1,316472,90,83954,24,348018,113065,32,421750,401467,95.2,2846,0.7,1782,0.4,3476,0.8,377439,89.5,99251,23.5,417698,127760,30.6
Week 3,33.1,12011,40,Broward,Florida,FL,93,334419,212117,63,108234,32,2861,1,8561,3,84787,25,120008,36,330135,62446,19,1909151,1216917,63.7,578421,30.3,17387,0.9,85722,4.5,554609,29.1,642641,33.7,1892224,255214,13.5
Week 3,33.1,32003,42.5,Clark,Nevada,NV,92,336916,182978,54,60017,18,7254,2,27205,8,160893,48,102658,30,320046,88296,28,2141574,1387798,64.8,287096,13.4,34743,1.6,255927,12,662081,30.9,475317,22.2,2114421,299169,14.1
Week 3,33.1,24510,35.7,Baltimore,Maryland,MD,91,250010,51380,21,188613,75,2542,1,7618,3,14421,6,22370,9,241165,70866,29,614700,198365,32.3,394321,64.1,6570,1.1,19539,3.2,31503,5.1,49818,8.1,591942,128829,21.8
Week 3,33.1,13121,40.9,Fulton,Georgia,GA,90,248845,86094,35,145976,59,2748,1,15959,6,24413,10,32248,13,229752,56326,25,1021902,476623,46.6,463415,45.3,9262,0.9,79146,7.7,74328,7.3,130079,12.7,989542,149412,15.1
Week 3,33.1,34017,34.2,Hudson,New Jersey,NJ,90,335589,168495,50,60388,18,3246,1,53488,16,170362,51,160103,48,333629,66848,20,668631,385842,57.7,93321,14,5655,0.8,108413,16.2,288749,43.2,285998,42.8,660845,107718,16.3
Week 3,33.1,6071,38.8,San Bernardino,California,CA,90,287661,214954,75,25328,9,5954,2,11226,4,126566,44,47318,16,279452,67367,24,2135413,1386028,64.9,214078,10,44207,2.1,180676,8.5,1127813,52.8,448196,21,2075424,359080,17.3
Week 3,33.1,25025,34.7,Suffolk,Massachusetts,MA,85,325337,158206,49,133554,41,2801,1,29717,9,104761,32,118184,36,300108,77138,26,791766,482750,61,216122,27.3,6850,0.9,77195,9.7,179702,22.7,235974,29.8,747962,144697,19.3
Week 3,33.1,48439,44.5,Tarrant,Texas,TX,79,291785,176959,61,64119,22,3883,1,13189,5,151043,52,78571,27,286126,77752,27,2019977,1428690,70.7,355784,17.6,26201,1.3,126436,6.3,576242,28.5,323987,16,1994417,258272,12.9
Week 4,36.8,6037,42.9,Los Angeles,California,CA,684,2473632,1235930,50,249958,10,39785,2,239075,10,1597559,65,974166,39,2416791,620015,26,10098052,5498185,54.4,935091,9.3,165513,1.6,1636985,16.2,4893603,48.5,3456956,34.2,9947799,1589956,16
Week 4,36.8,36047,34.4,Kings,New York,NY,550,1787114,767462,43,622600,35,13225,1,246542,14,359864,20,702919,39,1773862,396814,22,2600747,1189313,45.7,881388,33.9,20355,0.8,340756,13.1,499279,19.2,949026,36.5,2576152,544622,21.1
Week 4,36.8,36081,35,Queens,New York,NY,465,1495039,524162,35,367095,25,15619,1,368085,25,472364,32,730498,49,1474551,211647,14,2298513,947402,41.2,451926,19.7,22354,1,614581,26.7,643563,28,1087233,47.3,2272240,295165,13
Week 4,36.8,48201,42.5,Harris,Texas,TX,346,1244560,797249,64,218521,18,10384,1,72788,6,770528,62,445044,36,1225216,325750,27,4602523,2978447,64.7,916494,19.9,41821,0.9,357617,7.8,1958963,42.6,1199771,26.1,4556828,739100,16.2
Week 4,36.8,17031,46.6,Cook,Illinois,IL,343,1105270,408254,37,424330,38,10221,1,33507,3,537787,49,260356,24,1082341,291547,27,5223719,3066917,58.7,1281067,24.5,40293,0.8,427441,8.2,1314232,25.2,1099659,21.1,5138012,778020,15.1
Week 4,36.8,4013,48.3,Maricopa,Arizona,AZ,186,772567,547820,71,70709,9,40561,5,25103,3,439469,57,189191,24,752621,236280,31,4253913,3434157,80.7,289587,6.8,122387,2.9,224419,5.3,1311091,30.8,632945,14.9,4198378,618496,14.7
Week 4,36.8,12086,41.9,Miami-Dade,Florida,FL,176,604626,425863,70,136201,23,3168,1,12201,2,351022,58,313475,52,585680,131659,22,2715516,2077025,76.5,503770,18.6,9859,0.4,53020,2,1845646,68,1446122,53.3,2676124,482656,18
Week 4,36.8,36005,37.7,Bronx,New York,NY,175,655346,145439,22,259345,40,8942,1,30616,5,342631,52,245536,37,645695,178021,28,1437872,337743,23.5,523752,36.4,19653,1.4,62261,4.3,803636,55.9,509024,35.4,1402787,407528,29.1
Week 4,36.8,42101,38.2,Philadelphia,Pennsylvania,PA,175,683540,176395,26,424971,62,9412,1,42215,6,117283,17,78258,11,654494,232972,36,1575522,682936,43.3,695886,44.2,17320,1.1,125462,8,227711,14.5,218489,13.9,1532157,380873,24.9
Week 4,36.8,48215,29.7,Hidalgo,Texas,TX,171,715363,638645,89,4056,1,2453,0,5249,1,668315,93,202095,28,706013,238461,34,849389,757190,89.1,5788,0.7,2854,0.3,9375,1.1,781681,92,230582,27.1,839124,261968,31.2
Week 4,36.8,48113,43.8,Dallas,Texas,TX,168,632912,386619,61,150162,24,7013,1,34595,5,323409,51,201615,32,622017,144845,23,2586552,1650110,63.8,612756,23.7,29772,1.2,177225,6.9,1033000,39.9,628703,24.3,2556383,423899,16.6
Week 4,36.8,26163,50.4,Wayne,Michigan,MI,139,285586,71253,25,192966,68,3250,1,8193,3,43480,15,26795,9,277948,113589,41,1761382,972724,55.2,706320,40.1,18420,1,69222,3.9,103202,5.9,157293,8.9,1740233,401149,23.1
Week 4,36.8,36061,38.7,New York,New York,NY,119,513317,314744,61,78441,15,4801,1,94181,18,84145,16,143114,28,494338,76640,16,1632480,973217,59.6,278902,17.1,25878,1.6,220205,13.5,423683,26,473160,29,1585578,263413,16.6
Week 4,36.8,34013,41.5,Essex,New Jersey,NJ,112,380633,85876,23,228101,60,2669,1,8422,2,113933,30,123364,32,371989,95737,26,793555,349606,44.1,327124,41.2,5027,0.6,47036,5.9,180241,22.7,209992,26.5,774125,127250,16.4
Week 4,36.8,39035,48.8,Cuyahoga,Ohio,OH,110,232898,73407,32,151312,65,3538,2,6313,3,22662,10,11079,5,223587,88181,39,1253783,817260,65.2,394673,31.5,12128,1,46761,3.7,72492,5.8,90629,7.2,1227475,221899,18.1
Week 4,36.8,6065,45.1,Riverside,California,CA,97,353145,202742,57,19812,6,5248,1,13479,4,222339,63,96837,27,343348,83488,24,2383286,1537219,64.5,183587,7.7,43626,1.8,190468,8,1154517,48.4,516238,21.7,2347408,345724,14.7
Week 4,36.8,12011,43.9,Broward,Florida,FL,96,339060,217778,64,108020,32,2869,1,7971,2,83565,25,120279,35,334522,64965,19,1909151,1216917,63.7,578421,30.3,17387,0.9,85722,4.5,554609,29.1,642641,33.7,1892224,255214,13.5
Week 4,36.8,13121,45,Fulton,Georgia,GA,90,247952,85649,35,145607,59,2771,1,15888,6,23916,10,31954,13,228508,57079,25,1021902,476623,46.6,463415,45.3,9262,0.9,79146,7.7,74328,7.3,130079,12.7,989542,149412,15.1
Week 4,36.8,32003,47,Clark,Nevada,NV,90,333911,181279,54,60680,18,7003,2,27892,8,156491,47,100662,30,316584,86940,27,2141574,1387798,64.8,287096,13.4,34743,1.6,255927,12,662081,30.9,475317,22.2,2114421,299169,14.1
Week 4,36.8,25025,38.1,Suffolk,Massachusetts,MA,90,339907,169900,50,133695,39,3026,1,33503,10,105840,31,122910,36,311791,78603,25,791766,482750,61,216122,27.3,6850,0.9,77195,9.7,179702,22.7,235974,29.8,747962,144697,19.3
Week 4,36.8,24510,39.1,Baltimore,Maryland,MD,90,248839,51272,21,187603,75,2542,1,7607,3,14345,6,22255,9,240018,71514,30,614700,198365,32.3,394321,64.1,6570,1.1,19539,3.2,31503,5.1,49818,8.1,591942,128829,21.8
Week 4,36.8,48061,29.8,Cameron,Texas,TX,89,308316,294837,96,1250,0,1201,0,1505,0,278698,90,74662,24,305788,101783,33,421750,401467,95.2,2846,0.7,1782,0.4,3476,0.8,377439,89.5,99251,23.5,417698,127760,30.6
Week 4,36.8,34017,38,Hudson,New Jersey,NJ,86,315406,153297,49,59373,19,3087,1,53714,17,152533,48,149625,47,313382,62188,20,668631,385842,57.7,93321,14,5655,0.8,108413,16.2,288749,43.2,285998,42.8,660845,107718,16.3
Week 4,36.8,6071,43.2,San Bernardino,California,CA,86,270921,208687,77,25462,9,5703,2,10925,4,112961,42,40919,15,262898,64832,25,2135413,1386028,64.9,214078,10,44207,2.1,180676,8.5,1127813,52.8,448196,21,2075424,359080,17.3
Week 4,36.8,48439,49,Tarrant,Texas,TX,78,283718,172559,61,63711,22,3825,1,12756,4,145285,51,75467,27,277004,76040,27,2019977,1428690,70.7,355784,17.6,26201,1.3,126436,6.3,576242,28.5,323987,16,1994417,258272,12.9
Week 5,39.1,6037,46.6,Los Angeles,California,CA,583,2062788,1012563,49,225196,11,35140,2,203816,10,1303013,63,811209,39,2008947,530981,26,10098052,5498185,54.4,935091,9.3,165513,1.6,1636985,16.2,4893603,48.5,3456956,34.2,9947799,1589956,16
Week 5,39.1,36047,36.7,Kings,New York,NY,544,1770455,759897,43,614931,35,12851,1,247489,14,353270,20,700804,40,1757183,395617,23,2600747,1189313,45.7,881388,33.9,20355,0.8,340756,13.1,499279,19.2,949026,36.5,2576152,544622,21.1
Week 5,39.1,36081,37.7,Queens,New York,NY,454,1450317,513349,35,353961,24,15285,1,352193,24,456203,31,702405,48,1430427,205023,14,2298513,947402,41.2,451926,19.7,22354,1,614581,26.7,643563,28,1087233,47.3,2272240,295165,13
Week 5,39.1,48201,45.1,Harris,Texas,TX,353,1264611,802382,63,231684,18,10731,1,71137,6,783632,62,448384,35,1244896,333926,27,4602523,2978447,64.7,916494,19.9,41821,0.9,357617,7.8,1958963,42.6,1199771,26.1,4556828,739100,16.2
Week 5,39.1,17031,49.3,Cook,Illinois,IL,343,1090567,390453,36,435676,40,10059,1,35167,3,511749,47,250721,23,1067578,291085,27,5223719,3066917,58.7,1281067,24.5,40293,0.8,427441,8.2,1314232,25.2,1099659,21.1,5138012,778020,15.1
Week 5,39.1,42101,40.1,Philadelphia,Pennsylvania,PA,177,687101,177719,26,426690,62,9434,1,42770,6,117519,17,78917,11,657512,233781,36,1575522,682936,43.3,695886,44.2,17320,1.1,125462,8,227711,14.5,218489,13.9,1532157,380873,24.9
Week 5,39.1,36005,40.4,Bronx,New York,NY,171,628136,144467,23,246359,39,8785,1,30700,5,322776,51,235038,37,618548,164092,27,1437872,337743,23.5,523752,36.4,19653,1.4,62261,4.3,803636,55.9,509024,35.4,1402787,407528,29.1
Week 5,39.1,4013,51.6,Maricopa,Arizona,AZ,170,696565,491077,70,62664,9,38000,5,21728,3,406011,58,174477,25,676976,217229,32,4253913,3434157,80.7,289587,6.8,122387,2.9,224419,5.3,1311091,30.8,632945,14.9,4198378,618496,14.7
Week 5,39.1,12086,44.7,Miami-Dade,Florida,FL,169,580264,413607,71,125523,22,3101,1,11709,2,342025,59,302029,52,562159,127369,23,2715516,2077025,76.5,503770,18.6,9859,0.4,53020,2,1845646,68,1446122,53.3,2676124,482656,18
Week 5,39.1,48215,32.3,Hidalgo,Texas,TX,168,701553,625667,89,4014,1,2385,0,5158,1,655313,93,198971,28,692297,234034,34,849389,757190,89.1,5788,0.7,2854,0.3,9375,1.1,781681,92,230582,27.1,839124,261968,31.2
Week 5,39.1,48113,47.1,Dallas,Texas,TX,155,584062,354354,61,148561,25,6124,1,28127,5,297705,51,182438,31,579013,141375,24,2586552,1650110,63.8,612756,23.7,29772,1.2,177225,6.9,1033000,39.9,628703,24.3,2556383,423899,16.6
Week 5,39.1,26163,52.5,Wayne,Michigan,MI,143,294464,73315,25,199777,68,3267,1,8196,3,43864,15,26989,9,286805,116295,41,1761382,972724,55.2,706320,40.1,18420,1,69222,3.9,103202,5.9,157293,8.9,1740233,401149,23.1
Week 5,39.1,36061,41,New York,New York,NY,118,503226,313668,62,75362,15,4839,1,94235,19,76301,15,140757,28,484567,72269,15,1632480,973217,59.6,278902,17.1,25878,1.6,220205,13.5,423683,26,473160,29,1585578,263413,16.6
Week 5,39.1,39035,50.8,Cuyahoga,Ohio,OH,113,240139,77865,32,153564,64,3777,2,6342,3,24654,10,11251,5,230828,91122,39,1253783,817260,65.2,394673,31.5,12128,1,46761,3.7,72492,5.8,90629,7.2,1227475,221899,18.1
Week 5,39.1,34013,44,Essex,New Jersey,NJ,110,374025,84994,23,223318,60,2638,1,8095,2,112758,30,122057,33,366075,94562,26,793555,349606,44.1,327124,41.2,5027,0.6,47036,5.9,180241,22.7,209992,26.5,774125,127250,16.4
Week 5,39.1,24510,41.2,Baltimore,Maryland,MD,92,253296,51634,20,191543,76,2564,1,7694,3,14440,6,22602,9,244460,72267,30,614700,198365,32.3,394321,64.1,6570,1.1,19539,3.2,31503,5.1,49818,8.1,591942,128829,21.8
Week 5,39.1,13121,47.6,Fulton,Georgia,GA,91,249950,83150,33,149758,60,2726,1,15611,6,24515,10,31861,13,230507,61308,27,1021902,476623,46.6,463415,45.3,9262,0.9,79146,7.7,74328,7.3,130079,12.7,989542,149412,15.1
Week 5,39.1,12011,46.7,Broward,Florida,FL,91,320944,199181,62,109726,34,2990,1,7479,2,77154,24,114046,36,314753,61428,20,1909151,1216917,63.7,578421,30.3,17387,0.9,85722,4.5,554609,29.1,642641,33.7,1892224,255214,13.5
Week 5,39.1,48061,32.2,Cameron,Texas,TX,89,307620,293946,96,1237,0,1201,0,1496,0,277589,90,73999,24,305132,100912,33,421750,401467,95.2,2846,0.7,1782,0.4,3476,0.8,377439,89.5,99251,23.5,417698,127760,30.6
Week 5,39.1,6065,48.8,Riverside,California,CA,84,285909,173136,61,15976,6,5032,2,11511,4,168547,59,76119,27,278231,68001,24,2383286,1537219,64.5,183587,7.7,43626,1.8,190468,8,1154517,48.4,516238,21.7,2347408,345724,14.7
Week 5,39.1,25025,40.9,Suffolk,Massachusetts,MA,84,320455,155998,49,132070,41,2809,1,29797,9,102905,32,116812,36,295343,74997,25,791766,482750,61,216122,27.3,6850,0.9,77195,9.7,179702,22.7,235974,29.8,747962,144697,19.3
Week 5,39.1,34017,40.4,Hudson,New Jersey,NJ,83,303043,150601,50,55479,18,2928,1,49806,16,148239,49,143832,47,301140,59926,20,668631,385842,57.7,93321,14,5655,0.8,108413,16.2,288749,43.2,285998,42.8,660845,107718,16.3
Week 5,39.1,32003,50.5,Clark,Nevada,NV,82,295298,157978,53,55446,19,6054,2,24963,8,133818,45,88634,30,278669,78182,28,2141574,1387798,64.8,287096,13.4,34743,1.6,255927,12,662081,30.9,475317,22.2,2114421,299169,14.1
Week 5,39.1,6071,46.8,San Bernardino,California,CA,77,236467,187766,79,20357,9,5029,2,9727,4,87075,37,31666,13,228551,52799,23,2135413,1386028,64.9,214078,10,44207,2.1,180676,8.5,1127813,52.8,448196,21,2075424,359080,17.3
Week 5,39.1,55079,52.6,Milwaukee,Wisconsin,WI,74,181803,57097,31,90418,50,3322,2,6423,4,60761,33,26428,15,177249,72462,41,954209,598238,62.7,272230,28.5,14805,1.6,46233,4.8,140575,14.7,86121,9,932301,185627,19.9
Week 6,41.3,6037,49.5,Los Angeles,California,CA,562,1995942,983252,49,220171,11,33257,2,192901,10,1260311,63,785248,39,1942758,517223,27,10098052,5498185,54.4,935091,9.3,165513,1.6,1636985,16.2,4893603,48.5,3456956,34.2,9947799,1589956,16
Week 6,41.3,36047,39.4,Kings,New York,NY,511,1663555,695023,42,599602,36,11648,1,227199,14,332505,20,653205,39,1650643,377636,23,2600747,1189313,45.7,881388,33.9,20355,0.8,340756,13.1,499279,19.2,949026,36.5,2576152,544622,21.1
Week 6,41.3,36081,40.9,Queens,New York,NY,425,1344627,456222,34,341210,25,14710,1,325498,24,431337,32,658514,49,1328145,191643,14,2298513,947402,41.2,451926,19.7,22354,1,614581,26.7,643563,28,1087233,47.3,2272240,295165,13
Week 6,41.3,48201,47.6,Harris,Texas,TX,351,1249593,794634,64,231055,18,10844,1,69741,6,772800,62,442048,35,1229927,331352,27,4602523,2978447,64.7,916494,19.9,41821,0.9,357617,7.8,1958963,42.6,1199771,26.1,4556828,739100,16.2
Week 6,41.3,17031,52.3,Cook,Illinois,IL,346,1102035,374290,34,468498,43,9992,1,32275,3,501222,45,241983,22,1078950,298360,28,5223719,3066917,58.7,1281067,24.5,40293,0.8,427441,8.2,1314232,25.2,1099659,21.1,5138012,778020,15.1
Week 6,41.3,42101,42.5,Philadelphia,Pennsylvania,PA,176,689563,170592,25,434690,63,9092,1,41693,6,118338,17,77708,11,661515,236757,36,1575522,682936,43.3,695886,44.2,17320,1.1,125462,8,227711,14.5,218489,13.9,1532157,380873,24.9
Week 6,41.3,12086,47.6,Miami-Dade,Florida,FL,165,561099,398705,71,123150,22,2981,1,11474,2,328242,58,291447,52,542967,124457,23,2715516,2077025,76.5,503770,18.6,9859,0.4,53020,2,1845646,68,1446122,53.3,2676124,482656,18
Week 6,41.3,48215,34.7,Hidalgo,Texas,TX,162,677037,605766,89,3778,1,2342,0,4675,1,633099,94,192040,28,667958,227662,34,849389,757190,89.1,5788,0.7,2854,0.3,9375,1.1,781681,92,230582,27.1,839124,261968,31.2
Week 6,41.3,36005,43.1,Bronx,New York,NY,158,567725,132670,23,233548,41,7573,1,27859,5,277558,49,209311,37,558495,143783,26,1437872,337743,23.5,523752,36.4,19653,1.4,62261,4.3,803636,55.9,509024,35.4,1402787,407528,29.1
Week 6,41.3,4013,54.2,Maricopa,Arizona,AZ,157,638744,449509,70,55995,9,35822,6,19196,3,370116,58,159050,25,619330,199508,32,4253913,3434157,80.7,289587,6.8,122387,2.9,224419,5.3,1311091,30.8,632945,14.9,4198378,618496,14.7
Week 6,41.3,26163,54.3,Wayne,Michigan,MI,154,321205,75039,23,224603,70,3460,1,8428,3,44290,14,27520,9,312633,126258,40,1761382,972724,55.2,706320,40.1,18420,1,69222,3.9,103202,5.9,157293,8.9,1740233,401149,23.1
Week 6,41.3,48113,49.7,Dallas,Texas,TX,154,579992,346833,60,152223,26,5841,1,27947,5,290041,50,180123,31,575022,142002,25,2586552,1650110,63.8,612756,23.7,29772,1.2,177225,6.9,1033000,39.9,628703,24.3,2556383,423899,16.6
Week 6,41.3,39035,53.7,Cuyahoga,Ohio,OH,117,253698,80756,32,164255,65,3948,2,6529,3,26147,10,11597,5,244057,96126,39,1253783,817260,65.2,394673,31.5,12128,1,46761,3.7,72492,5.8,90629,7.2,1227475,221899,18.1
Week 6,41.3,34013,46.9,Essex,New Jersey,NJ,106,358534,78824,22,218633,61,2526,1,7565,2,103525,29,117472,33,350648,91649,26,793555,349606,44.1,327124,41.2,5027,0.6,47036,5.9,180241,22.7,209992,26.5,774125,127250,16.4
Week 6,41.3,36061,44.3,New York,New York,NY,106,436376,276492,63,56537,13,4238,1,86537,20,64125,15,123550,28,420095,60550,14,1632480,973217,59.6,278902,17.1,25878,1.6,220205,13.5,423683,26,473160,29,1585578,263413,16.6
Week 6,41.3,12011,49.2,Broward,Florida,FL,94,337747,211493,63,114021,34,3744,1,7538,2,82735,24,119778,35,331278,65842,20,1909151,1216917,63.7,578421,30.3,17387,0.9,85722,4.5,554609,29.1,642641,33.7,1892224,255214,13.5
Week 6,41.3,24510,43.8,Baltimore,Maryland,MD,91,247328,47957,19,189711,77,2513,1,7239,3,13746,6,21311,9,238490,70547,30,614700,198365,32.3,394321,64.1,6570,1.1,19539,3.2,31503,5.1,49818,8.1,591942,128829,21.8
Week 6,41.3,13121,49.6,Fulton,Georgia,GA,87,240931,78758,33,146238,61,2702,1,14939,6,22050,9,29404,12,221488,59339,27,1021902,476623,46.6,463415,45.3,9262,0.9,79146,7.7,74328,7.3,130079,12.7,989542,149412,15.1
Week 6,41.3,48061,34.4,Cameron,Texas,TX,87,296795,283601,96,1241,0,1150,0,1461,0,267454,90,71218,24,294448,97139,33,421750,401467,95.2,2846,0.7,1782,0.4,3476,0.8,377439,89.5,99251,23.5,417698,127760,30.6
Week 6,41.3,32003,53.1,Clark,Nevada,NV,83,293246,156964,54,55300,19,5782,2,24187,8,133165,45,87754,30,276798,77550,28,2141574,1387798,64.8,287096,13.4,34743,1.6,255927,12,662081,30.9,475317,22.2,2114421,299169,14.1
Week 6,41.3,25025,43.6,Suffolk,Massachusetts,MA,82,316442,152232,48,132431,42,2967,1,29760,9,100832,32,115039,36,291239,74560,26,791766,482750,61,216122,27.3,6850,0.9,77195,9.7,179702,22.7,235974,29.8,747962,144697,19.3
Week 6,41.3,6071,49.7,San Bernardino,California,CA,81,255783,200048,78,23206,9,5196,2,9737,4,101773,40,36680,14,247737,61139,25,2135413,1386028,64.9,214078,10,44207,2.1,180676,8.5,1127813,52.8,448196,21,2075424,359080,17.3
Week 6,41.3,6065,51.8,Riverside,California,CA,77,261103,154873,59,13704,5,4382,2,10313,4,158609,61,71335,27,253618,62506,25,2383286,1537219,64.5,183587,7.7,43626,1.8,190468,8,1154517,48.4,516238,21.7,2347408,345724,14.7
Week 6,41.3,47157,50.3,Shelby,Tennessee,TN,72,183606,26556,14,147383,80,1087,1,2042,1,14739,8,10835,6,177134,72229,41,937005,381827,40.7,510725,54.5,6232,0.7,28036,3,58537,6.2,60462,6.5,919244,189641,20.6
Week 6,41.3,55079,56.2,Milwaukee,Wisconsin,WI,71,175087,55942,32,84576,48,3222,2,6054,3,61097,35,26071,15,170700,70494,41,954209,598238,62.7,272230,28.5,14805,1.6,46233,4.8,140575,14.7,86121,9,932301,185627,19.9
Week 7,43.3,6037,52.3,Los Angeles,California,CA,536,1904216,929194,49,222756,12,31551,2,180097,9,1210500,64,745206,39,1851742,505140,27,10098052,5498185,54.4,935091,9.3,165513,1.6,1636985,16.2,4893603,48.5,3456956,34.2,9947799,1589956,16
Week 7,43.3,36047,42,Kings,New York,NY,484,1569635,628218,40,598766,38,10883,1,205165,13,320348,20,610679,39,1557192,361556,23,2600747,1189313,45.7,881388,33.9,20355,0.8,340756,13.1,499279,19.2,949026,36.5,2576152,544622,21.1
Week 7,43.3,36081,43.8,Queens,New York,NY,389,1231959,398384,32,332836,27,13276,1,288198,23,404658,33,605654,49,1216190,179213,15,2298513,947402,41.2,451926,19.7,22354,1,614581,26.7,643563,28,1087233,47.3,2272240,295165,13
Week 7,43.3,48201,49.9,Harris,Texas,TX,357,1275931,813218,64,236196,19,11347,1,70792,6,788625,62,450333,35,1255059,336679,27,4602523,2978447,64.7,916494,19.9,41821,0.9,357617,7.8,1958963,42.6,1199771,26.1,4556828,739100,16.2
Week 7,43.3,17031,55.5,Cook,Illinois,IL,335,1044147,322497,31,486160,47,9180,1,26621,3,454086,43,214930,21,1021134,294456,29,5223719,3066917,58.7,1281067,24.5,40293,0.8,427441,8.2,1314232,25.2,1099659,21.1,5138012,778020,15.1
Week 7,43.3,42101,44.3,Philadelphia,Pennsylvania,PA,184,725479,184217,25,450485,62,9153,1,44949,6,124225,17,83781,12,696881,246482,35,1575522,682936,43.3,695886,44.2,17320,1.1,125462,8,227711,14.5,218489,13.9,1532157,380873,24.9
Week 7,43.3,12086,50.1,Miami-Dade,Florida,FL,170,579891,402858,69,137978,24,2987,1,11059,2,336233,58,296111,51,561848,135928,24,2715516,2077025,76.5,503770,18.6,9859,0.4,53020,2,1845646,68,1446122,53.3,2676124,482656,18
Week 7,43.3,26163,56.9,Wayne,Michigan,MI,164,349080,83511,24,242500,69,3574,1,10055,3,46006,13,31015,9,340432,138915,41,1761382,972724,55.2,706320,40.1,18420,1,69222,3.9,103202,5.9,157293,8.9,1740233,401149,23.1
Week 7,43.3,36005,45,Bronx,New York,NY,162,596043,132833,22,244069,41,7747,1,29048,5,299231,50,220838,37,587244,156770,27,1437872,337743,23.5,523752,36.4,19653,1.4,62261,4.3,803636,55.9,509024,35.4,1402787,407528,29.1
Week 7,43.3,48113,52,Dallas,Texas,TX,155,585483,345544,59,164651,28,5831,1,26391,5,288482,49,176546,30,580708,147559,25,2586552,1650110,63.8,612756,23.7,29772,1.2,177225,6.9,1033000,39.9,628703,24.3,2556383,423899,16.6
Week 7,43.3,48215,37.2,Hidalgo,Texas,TX,150,621776,555466,89,3459,1,2124,0,3889,1,582068,94,177590,29,612835,212891,35,849389,757190,89.1,5788,0.7,2854,0.3,9375,1.1,781681,92,230582,27.1,839124,261968,31.2
Week 7,43.3,4013,57.1,Maricopa,Arizona,AZ,149,605115,427035,71,52100,9,34166,6,19990,3,346171,57,151979,25,585590,188273,32,4253913,3434157,80.7,289587,6.8,122387,2.9,224419,5.3,1311091,30.8,632945,14.9,4198378,618496,14.7
Week 7,43.3,39035,57.3,Cuyahoga,Ohio,OH,117,256015,77528,30,170074,66,3960,2,6578,3,24928,10,11544,5,246399,98335,40,1253783,817260,65.2,394673,31.5,12128,1,46761,3.7,72492,5.8,90629,7.2,1227475,221899,18.1
Week 7,43.3,34013,49.6,Essex,New Jersey,NJ,104,347412,76364,22,212569,61,2459,1,7340,2,98315,28,113407,33,339563,89318,26,793555,349606,44.1,327124,41.2,5027,0.6,47036,5.9,180241,22.7,209992,26.5,774125,127250,16.4
Week 7,43.3,36061,46.9,New York,New York,NY,102,405702,268791,66,47358,12,3036,1,80580,20,50837,13,109671,27,388285,52355,13,1632480,973217,59.6,278902,17.1,25878,1.6,220205,13.5,423683,26,473160,29,1585578,263413,16.6
Week 7,43.3,12011,51.7,Broward,Florida,FL,93,334952,204802,61,119243,36,3657,1,7253,2,77919,23,117146,35,328554,64507,20,1909151,1216917,63.7,578421,30.3,17387,0.9,85722,4.5,554609,29.1,642641,33.7,1892224,255214,13.5
Week 7,43.3,24510,45.7,Baltimore,Maryland,MD,92,247243,47386,19,190241,77,2562,1,7120,3,13341,5,20899,8,240498,71089,30,614700,198365,32.3,394321,64.1,6570,1.1,19539,3.2,31503,5.1,49818,8.1,591942,128829,21.8
Week 7,43.3,13121,52,Fulton,Georgia,GA,88,249453,76458,31,157402,63,2538,1,14637,6,21720,9,29054,12,229589,64774,28,1021902,476623,46.6,463415,45.3,9262,0.9,79146,7.7,74328,7.3,130079,12.7,989542,149412,15.1
Week 7,43.3,48061,36.7,Cameron,Texas,TX,84,286475,273764,96,1212,0,1055,0,1336,0,258325,90,69471,24,284172,95302,34,421750,401467,95.2,2846,0.7,1782,0.4,3476,0.8,377439,89.5,99251,23.5,417698,127760,30.6
Week 7,43.3,25025,46.2,Suffolk,Massachusetts,MA,82,317201,148789,47,131639,42,3379,1,31701,10,95123,30,111923,35,287293,75166,26,791766,482750,61,216122,27.3,6850,0.9,77195,9.7,179702,22.7,235974,29.8,747962,144697,19.3
Week 7,43.3,6071,52.3,San Bernardino,California,CA,80,252401,196481,78,22184,9,5530,2,9026,4,102837,41,37703,15,244403,60016,25,2135413,1386028,64.9,214078,10,44207,2.1,180676,8.5,1127813,52.8,448196,21,2075424,359080,17.3
Week 7,43.3,32003,55.7,Clark,Nevada,NV,79,273299,145556,53,52254,19,5441,2,22878,8,122588,45,81941,30,257941,71444,28,2141574,1387798,64.8,287096,13.4,34743,1.6,255927,12,662081,30.9,475317,22.2,2114421,299169,14.1
Week 7,43.3,47157,52.8,Shelby,Tennessee,TN,79,213079,30909,15,170591,80,1231,1,2388,1,18244,9,13254,6,206593,83700,41,937005,381827,40.7,510725,54.5,6232,0.7,28036,3,58537,6.2,60462,6.5,919244,189641,20.6
Week 7,43.3,48439,57.7,Tarrant,Texas,TX,75,271813,159351,59,62916,23,3195,1,10101,4,148584,55,74902,28,266256,75495,28,2019977,1428690,70.7,355784,17.6,26201,1.3,126436,6.3,576242,28.5,323987,16,1994417,258272,12.9
Week 7,43.3,6065,54.6,Riverside,California,CA,75,244971,141376,58,10942,4,4229,2,9392,4,153298,63,66995,27,237458,57725,24,2383286,1537219,64.5,183587,7.7,43626,1.8,190468,8,1154517,48.4,516238,21.7,2347408,345724,14.7
Week 8,45.7,6037,54.5,Los Angeles,California,CA,541,1905573,933648,49,222275,12,32521,2,179671,9,1198670,63,739918,39,1853073,500631,27,10098052,5498185,54.4,935091,9.3,165513,1.6,1636985,16.2,4893603,48.5,3456956,34.2,9947799,1589956,16
Week 8,45.7,36047,44.3,Kings,New York,NY,487,1579111,632074,40,602038,38,11246,1,207919,13,322947,20,613034,39,1566184,362945,23,2600747,1189313,45.7,881388,33.9,20355,0.8,340756,13.1,499279,19.2,949026,36.5,2576152,544622,21.1
Week 8,45.7,36081,46.3,Queens,New York,NY,387,1228536,396527,32,327865,27,13246,1,293078,24,399086,32,603435,49,1212503,178585,15,2298513,947402,41.2,451926,19.7,22354,1,614581,26.7,643563,28,1087233,47.3,2272240,295165,13
Week 8,45.7,48201,52.2,Harris,Texas,TX,354,1270739,797230,63,248342,20,10983,1,72066,6,771546,61,447399,35,1249917,334938,27,4602523,2978447,64.7,916494,19.9,41821,0.9,357617,7.8,1958963,42.6,1199771,26.1,4556828,739100,16.2
Week 8,45.7,17031,57.6,Cook,Illinois,IL,345,1086158,344408,32,496236,46,9597,1,28784,3,473152,44,225421,21,1062766,303005,29,5223719,3066917,58.7,1281067,24.5,40293,0.8,427441,8.2,1314232,25.2,1099659,21.1,5138012,778020,15.1
Week 8,45.7,42101,46.9,Philadelphia,Pennsylvania,PA,183,715674,181261,25,444738,62,9382,1,46039,6,122571,17,84676,12,686383,244497,36,1575522,682936,43.3,695886,44.2,17320,1.1,125462,8,227711,14.5,218489,13.9,1532157,380873,24.9
Week 8,45.7,26163,59.5,Wayne,Michigan,MI,173,369563,86429,23,260066,70,3857,1,10204,3,46669,13,31336,8,360768,147241,41,1761382,972724,55.2,706320,40.1,18420,1,69222,3.9,103202,5.9,157293,8.9,1740233,401149,23.1
Week 8,45.7,36005,47.1,Bronx,New York,NY,169,639262,137547,22,260342,41,8808,1,29189,5,330669,52,237736,37,627208,174965,28,1437872,337743,23.5,523752,36.4,19653,1.4,62261,4.3,803636,55.9,509024,35.4,1402787,407528,29.1
Week 8,45.7,48113,54,Dallas,Texas,TX,164,629647,375977,60,169001,27,6053,1,28738,5,316518,50,192495,31,624677,155249,25,2586552,1650110,63.8,612756,23.7,29772,1.2,177225,6.9,1033000,39.9,628703,24.3,2556383,423899,16.6
Week 8,45.7,12086,52.5,Miami-Dade,Florida,FL,162,546841,385323,70,123080,23,3031,1,10781,2,319148,58,282878,52,528917,125143,24,2715516,2077025,76.5,503770,18.6,9859,0.4,53020,2,1845646,68,1446122,53.3,2676124,482656,18
Week 8,45.7,4013,59.3,Maricopa,Arizona,AZ,151,618115,435408,70,54412,9,35060,6,21103,3,348982,56,154178,25,598735,191340,32,4253913,3434157,80.7,289587,6.8,122387,2.9,224419,5.3,1311091,30.8,632945,14.9,4198378,618496,14.7
Week 8,45.7,48215,40,Hidalgo,Texas,TX,146,606893,542911,89,3445,1,2100,0,3882,1,567396,93,172383,28,597985,208412,35,849389,757190,89.1,5788,0.7,2854,0.3,9375,1.1,781681,92,230582,27.1,839124,261968,31.2
Week 8,45.7,39035,59.7,Cuyahoga,Ohio,OH,119,260348,79512,31,172325,66,3959,2,6619,3,25189,10,11597,4,250732,100288,40,1253783,817260,65.2,394673,31.5,12128,1,46761,3.7,72492,5.8,90629,7.2,1227475,221899,18.1
Week 8,45.7,34013,51.7,Essex,New Jersey,NJ,107,354655,76852,22,218880,62,2509,1,7495,2,98860,28,115016,32,346654,91895,27,793555,349606,44.1,327124,41.2,5027,0.6,47036,5.9,180241,22.7,209992,26.5,774125,127250,16.4
Week 8,45.7,36061,48.9,New York,New York,NY,105,425243,279007,66,49832,12,3191,1,84595,20,56942,13,117628,28,406968,55788,14,1632480,973217,59.6,278902,17.1,25878,1.6,220205,13.5,423683,26,473160,29,1585578,263413,16.6
Week 8,45.7,13121,53.9,Fulton,Georgia,GA,94,262796,79090,30,167633,64,2618,1,15108,6,22475,9,30135,11,240074,67155,28,1021902,476623,46.6,463415,45.3,9262,0.9,79146,7.7,74328,7.3,130079,12.7,989542,149412,15.1
Week 8,45.7,24510,48,Baltimore,Maryland,MD,93,255352,47933,19,197740,77,2588,1,7226,3,13850,5,21380,8,246451,72867,30,614700,198365,32.3,394321,64.1,6570,1.1,19539,3.2,31503,5.1,49818,8.1,591942,128829,21.8
Week 8,45.7,12011,53.9,Broward,Florida,FL,91,321813,200011,62,111164,35,3342,1,7026,2,74661,23,111724,35,315444,62093,20,1909151,1216917,63.7,578421,30.3,17387,0.9,85722,4.5,554609,29.1,642641,33.7,1892224,255214,13.5
Week 8,45.7,25025,48.2,Suffolk,Massachusetts,MA,83,319159,149509,47,132625,42,3282,1,32004,10,95209,30,112548,35,289288,75483,26,791766,482750,61,216122,27.3,6850,0.9,77195,9.7,179702,22.7,235974,29.8,747962,144697,19.3
Week 8,45.7,48439,59.8,Tarrant,Texas,TX,82,300928,177560,59,70332,23,3576,1,13466,4,154433,51,81076,27,294166,79080,27,2019977,1428690,70.7,355784,17.6,26201,1.3,126436,6.3,576242,28.5,323987,16,1994417,258272,12.9
Week 8,45.7,32003,57.9,Clark,Nevada,NV,81,284590,151406,53,54229,19,5852,2,25283,9,124983,44,84992,30,269253,74668,28,2141574,1387798,64.8,287096,13.4,34743,1.6,255927,12,662081,30.9,475317,22.2,2114421,299169,14.1
Week 8,45.7,48061,39.6,Cameron,Texas,TX,80,270851,258529,95,1212,0,916,0,1336,0,243692,90,64818,24,268574,89881,33,421750,401467,95.2,2846,0.7,1782,0.4,3476,0.8,377439,89.5,99251,23.5,417698,127760,30.6
Week 8,45.7,6071,54.7,San Bernardino,California,CA,79,249247,194055,78,21853,9,5282,2,9134,4,100316,40,37363,15,241279,59077,24,2135413,1386028,64.9,214078,10,44207,2.1,180676,8.5,1127813,52.8,448196,21,2075424,359080,17.3
Week 8,45.7,47157,54.9,Shelby,Tennessee,TN,79,215816,29244,14,176040,82,1229,1,2294,1,16595,8,12185,6,209330,84362,40,937005,381827,40.7,510725,54.5,6232,0.7,28036,3,58537,6.2,60462,6.5,919244,189641,20.6
Week 8,45.7,6065,57.1,Riverside,California,CA,74,241188,144340,60,12097,5,4332,2,9745,4,144798,60,63673,26,233610,56300,24,2383286,1537219,64.5,183587,7.7,43626,1.8,190468,8,1154517,48.4,516238,21.7,2347408,345724,14.7
Week 9,47.1,6037,55.6,Los Angeles,California,CA,543,1896916,930337,49,220467,12,32286,2,181064,10,1177799,62,733894,39,1844383,495454,27,10098052,5498185,54.4,935091,9.3,165513,1.6,1636985,16.2,4893603,48.5,3456956,34.2,9947799,1589956,16
Week 9,47.1,36047,46,Kings,New York,NY,480,1553037,629796,41,586321,38,11144,1,206980,13,308181,20,603642,39,1541845,351387,23,2600747,1189313,45.7,881388,33.9,20355,0.8,340756,13.1,499279,19.2,949026,36.5,2576152,544622,21.1
Week 9,47.1,36081,48.2,Queens,New York,NY,381,1206635,385856,32,323974,27,12960,1,289324,24,393134,33,593812,49,1190675,176969,15,2298513,947402,41.2,451926,19.7,22354,1,614581,26.7,643563,28,1087233,47.3,2272240,295165,13
Week 9,47.1,48201,53.5,Harris,Texas,TX,356,1276451,793347,62,256231,20,11057,1,74581,6,760021,60,447153,35,1255197,336068,27,4602523,2978447,64.7,916494,19.9,41821,0.9,357617,7.8,1958963,42.6,1199771,26.1,4556828,739100,16.2
Week 9,47.1,17031,58.9,Cook,Illinois,IL,349,1099775,357349,32,495640,45,9701,1,31529,3,474934,43,228439,21,1076404,304409,28,5223719,3066917,58.7,1281067,24.5,40293,0.8,427441,8.2,1314232,25.2,1099659,21.1,5138012,778020,15.1
Week 9,47.1,42101,48.4,Philadelphia,Pennsylvania,PA,180,707292,179096,25,441451,62,9473,1,42264,6,124624,18,79945,11,678208,243101,36,1575522,682936,43.3,695886,44.2,17320,1.1,125462,8,227711,14.5,218489,13.9,1532157,380873,24.9
Week 9,47.1,26163,60.8,Wayne,Michigan,MI,173,368725,86297,23,259354,70,3844,1,10204,3,46563,13,31348,9,359930,147059,41,1761382,972724,55.2,706320,40.1,18420,1,69222,3.9,103202,5.9,157293,8.9,1740233,401149,23.1
Week 9,47.1,48113,55.1,Dallas,Texas,TX,166,627934,373120,59,169153,27,6308,1,29797,5,311963,50,191389,30,622950,153745,25,2586552,1650110,63.8,612756,23.7,29772,1.2,177225,6.9,1033000,39.9,628703,24.3,2556383,423899,16.6
Week 9,47.1,12086,53.8,Miami-Dade,Florida,FL,166,565588,391395,69,135055,24,3136,1,11063,2,324826,57,288863,51,547455,130128,24,2715516,2077025,76.5,503770,18.6,9859,0.4,53020,2,1845646,68,1446122,53.3,2676124,482656,18
Week 9,47.1,4013,60.3,Maricopa,Arizona,AZ,149,603763,427301,71,53524,9,34588,6,20976,3,333619,55,148949,25,584446,187229,32,4253913,3434157,80.7,289587,6.8,122387,2.9,224419,5.3,1311091,30.8,632945,14.9,4198378,618496,14.7
Week 9,47.1,36005,49.6,Bronx,New York,NY,148,533328,119093,22,224098,42,7279,1,25895,5,259286,49,197750,37,522258,135920,26,1437872,337743,23.5,523752,36.4,19653,1.4,62261,4.3,803636,55.9,509024,35.4,1402787,407528,29.1
Week 9,47.1,48215,41.4,Hidalgo,Texas,TX,143,595136,531976,89,3445,1,1974,0,3882,1,555869,93,168031,28,586228,204346,35,849389,757190,89.1,5788,0.7,2854,0.3,9375,1.1,781681,92,230582,27.1,839124,261968,31.2
Week 9,47.1,39035,60.9,Cuyahoga,Ohio,OH,119,260578,80917,31,170982,66,3996,2,6725,3,25656,10,11794,5,250910,99513,40,1253783,817260,65.2,394673,31.5,12128,1,46761,3.7,72492,5.8,90629,7.2,1227475,221899,18.1
Week 9,47.1,34013,53.2,Essex,New Jersey,NJ,105,350705,75104,21,217434,62,2463,1,7568,2,97183,28,114497,33,342852,89676,26,793555,349606,44.1,327124,41.2,5027,0.6,47036,5.9,180241,22.7,209992,26.5,774125,127250,16.4
Week 9,47.1,36061,50.4,New York,New York,NY,104,414107,276173,67,48501,12,2889,1,83962,20,47769,12,113555,27,394726,50758,13,1632480,973217,59.6,278902,17.1,25878,1.6,220205,13.5,423683,26,473160,29,1585578,263413,16.6
Week 9,47.1,13121,54.9,Fulton,Georgia,GA,99,280605,81648,29,182522,65,2787,1,15442,6,23375,8,31140,11,257812,70408,27,1021902,476623,46.6,463415,45.3,9262,0.9,79146,7.7,74328,7.3,130079,12.7,989542,149412,15.1
Week 9,47.1,24510,49.3,Baltimore,Maryland,MD,94,254369,48238,19,196474,77,2699,1,7239,3,13920,5,21429,8,245427,72396,29,614700,198365,32.3,394321,64.1,6570,1.1,19539,3.2,31503,5.1,49818,8.1,591942,128829,21.8
Week 9,47.1,12011,55.1,Broward,Florida,FL,93,330070,201410,61,117575,36,2704,1,7466,2,75553,23,114507,35,323772,63543,20,1909151,1216917,63.7,578421,30.3,17387,0.9,85722,4.5,554609,29.1,642641,33.7,1892224,255214,13.5
Week 9,47.1,25025,49.5,Suffolk,Massachusetts,MA,84,320734,153804,48,129047,40,3299,1,32510,10,94361,29,113178,35,290990,75071,26,791766,482750,61,216122,27.3,6850,0.9,77195,9.7,179702,22.7,235974,29.8,747962,144697,19.3
Week 9,47.1,47157,55.9,Shelby,Tennessee,TN,84,231644,35772,15,183791,79,1316,1,2622,1,18883,8,14215,6,225011,90219,40,937005,381827,40.7,510725,54.5,6232,0.7,28036,3,58537,6.2,60462,6.5,919244,189641,20.6
Week 9,47.1,48439,60.9,Tarrant,Texas,TX,83,301276,177733,59,71199,24,3569,1,13603,5,152143,50,80323,27,294495,79409,27,2019977,1428690,70.7,355784,17.6,26201,1.3,126436,6.3,576242,28.5,323987,16,1994417,258272,12.9
Week 9,47.1,32003,59.1,Clark,Nevada,NV,81,287016,153234,53,54938,19,5907,2,25574,9,124955,44,85424,30,271622,75124,28,2141574,1387798,64.8,287096,13.4,34743,1.6,255927,12,662081,30.9,475317,22.2,2114421,299169,14.1
Week 9,47.1,48061,40.9,Cameron,Texas,TX,79,268197,255844,95,1204,0,886,0,1330,0,241070,90,63572,24,265965,88805,33,421750,401467,95.2,2846,0.7,1782,0.4,3476,0.8,377439,89.5,99251,23.5,417698,127760,30.6
Week 9,47.1,6071,55.9,San Bernardino,California,CA,78,243416,190309,78,21959,9,5156,2,9558,4,93767,39,34359,14,235467,56341,24,2135413,1386028,64.9,214078,10,44207,2.1,180676,8.5,1127813,52.8,448196,21,2075424,359080,17.3
Week 9,47.1,6065,58.3,Riverside,California,CA,76,241755,146464,61,12150,5,4229,2,10441,4,138471,57,62328,26,234255,53964,23,2383286,1537219,64.5,183587,7.7,43626,1.8,190468,8,1154517,48.4,516238,21.7,2347408,345724,14.7